{
  "ByT5-base": {
    "bleu": 0,
    "chrf++": 0,
    "geo_mean": 0,
    "params": "\u2014"
  },
  "ByT5-base-new (validation)": {
    "bleu": 19.46,
    "chrf++": 37.71,
    "geo_mean": 27.09,
    "params": 582832896
  },
  "BiLSTM Seq2Seq": {
    "bleu": 17.445248443431108,
    "chrf++": 36.167135971234124,
    "geo_mean": 25.118612073630448,
    "params": 17343613
  },
  "Vanilla Transformer": {
    "bleu": 8.548653443537042,
    "chrf++": 28.057103657593856,
    "geo_mean": 15.487106114383199,
    "params": 5358717
  }
}