{
  "model": "ByT5-base",
  "bleu": 19.45666039246629,
  "chrf++": 37.71112283057141,
  "geo_mean": 27.08749729917864,
  "total_params": 582832896,
  "num_beams": 4,
  "val_samples": 598
}